District,Villages,IRS - Locked rate (E4/E5 Form) (%),IRS - Operational coverage (E4/E5 Form) (%),IRS - Refusal rate (E4/E5 Form) (%),IRS - Supervisor reported targeted structures (avg) (E4/E5 Form),IRS - Target coverage microplan (E4/E5 Form) (%),IRS - Target coverage supervisor (E4/E5 Form) (%),IRS - Total structures locked (E4/E5 Form),IRS - Total structures refused (E4/E5 Form),IRS - Total structures sprayed (E4/E5 Form),IRS - Total structures visited (E4/E5 Form)
 NCA , GCIGCO,,,,,,,,,,
 NCA , BUNYA,,,,,,,,,,
 NCA , CUI,,,,,,,,,,
 NCA , DAVARE,,,,,,,,,,
 NCA , DUDU,,,,,,,,,,
 NCA , EPINGIRO 1,,,,,,,,,,
 NCA , EPINGIRO 2,,,,,,,,,,
 NCA , ERAGO,,,,,,,,,,
 NCA , GCAMADE,23,77,0,1573,61,61,286,0,954,1240
 NCA , GCARU,,,,,,,,,,
 NCA , GCUGCUMA,,,,,,,,,,
 NCA , GCUNDU,,,,,,,,,,
 NCA , GCWAGI,,,,,,,,,,
 NCA , GCWATJINGA,,,,,,,,,,
 NCA , GUMI,,,,,,,,,,
 NCA , HALILI,24,76,0,1004,57,57,184,0,577,761
 NCA , HAMWEYI,,,,,,,,,,
 NCA , KAGUNI,,,,,,,,,,
 NCA , KAHUTI/BAMUBAMU,,,,,,,,,,
 NCA , KAMUTI,,,,,,,,,,
 NCA , KAPAKO,,,,,,,,,,
 NCA , KARANGANA,13,85,2,912,31,31,42,8,282,332
 NCA , KARO,,,,,,,,,,
 NCA , KARUKUVISA,,,,,,,,,,
 NCA , KASIVI,,,,,,,,,,
 NCA , KATJINAKATJI,,,,,,,,,,
 NCA , KAYIRAYIRA,,,,,,,,,,
 NCA , MAFUGU,,,,,,,,,,
 NCA , MAKENA,34,61,5,95,138,138,72,11,131,214
 NCA , MAMONO,,,,,,,,,,
 NCA , MANGETTI,,,,,,,,,,
 NCA , MANYONDO,,,,,,,,,,
 NCA , MASIVI,12,78,10,117,64,612,114,90,716,920
 NCA , MATENDE,,,,,,,,,,
 NCA , MAVANZE,27,60,13,679,19,19,57,27,128,212
 NCA , MAYONGORA,21,68,11,623,24,24,46,23,147,216
 NCA , MBEYO,,,,,,,,,,
 NCA , MILE 10,11,76,13,1162,13,13,22,27,156,205
 NCA , MILE 20,,,,,,,,,,
 NCA , MILE 30,,,,,,,,,,
 NCA , MPEZO,,,,,,,,,,
 NCA , MPORA,,,,,,,,,,
 NCA , MUKUNDU,,,,,,,,,,
 NCA , MUPINI,,,,,,,,,,
 NCA , MURURANI,,,,,,,,,,
 NCA , MUVEVE,,,,,,,,,,
 NCA , NAIGOPO,,,,,,,,,,
 NCA , NAKATAVA,,,,,,,,,,
 NCA , NAKAZAZA,,,,,,,,,,
 NCA , NAUCOVA,,,,,,,,,,
 NCA , NCANGCU,,,,,,,,,,
 NCA , NCASAVA,,,,,,,,,,
 NCA , NCUNCUNI,,,,,,,,,,
 NCA , NGWANGWA,,,,,,,,,,
 NCA , NKATA,,,,,,,,,,
 NCA , NKUTU,,,,,,,,,,
 NCA , NTARA,,,,,,,,,,
 NCA , OU-CORDON,,,,,,,,,,
 NCA , POMBA HALILI,,,,,,,,,,
 NCA , PUSA,,,,,,,,,,
 NCA , RUHURUMWE,,,,,,,,,,
 NCA , RUUGA,,,,,,,,,,
 NCA , SAMASIRA,,,,,,,,,,
 NCA , SATOTWA,,,,,,,,,,
 NCA , SAU,,,,,,,,,,
 NCA , SHARUKWE,,,,,,,,,,
 NCA , SIGONE,,,,,,,,,,
 NCA , SIKALI,,,,,,,,,,
 NCA , SIKONDO,,,,,,,,,,
 NCA , SINGURUVE,,,,,,,,,,
 NCA , SINZOGORO,,,,,,,,,,
 NCA , SITENDA,,,,,,,,,,
 NCA , SIVARA,,,,,,,,,,
 NCA , SIYA,27,72,1,1055,127,127,502,13,1342,1857
 NCA , SIYANDEYA,,,,,,,,,,
 NKU , BRAVO,,,,,,,,,,
 NKU , CALICAO,,,,,,,,,,
 NKU , CANCANA,,,,,,,,,,
 NKU , DAKUWA,,,,,,,,,,
 NKU , DEMA,15,77,8,51,129,129,13,7,66,86
 NKU , DESI,,,,,,,,,,
 NKU , EKULI,,,,,,,,,,
 NKU , ETENDERERA,,,,,,,,,,
 NKU , GAVA,,,,,,,,,,
 NKU , GCARUHWA,,,,,,,,,,
 NKU , HAISISIRA,,,,,,,,,,
 NKU , HEMA,,,,,,,,,,
 NKU , KAAKUWA,,,,,,,,,,
 NKU , KAGUNI,18,67,15,66,94,94,17,14,62,93
 NKU , KAHENGE,,,,,,,,,,
 NKU , KAHORO (TONDORO),,,,,,,,,,
 NKU , KAHORO WEST,,,,,,,,,,
 NKU , KAKORO,,,,,,,,,,
 NKU , KAKURO,,,,,,,,,,
 NKU , KAMBUMBU,,,,,,,,,,
 NKU , KAMUPUPU,,,,,,,,,,
 NKU , KANKUDI,6,84,10,345,56,56,13,24,192,229
 NKU , KANYIKAMA,,,,,,,,,,
 NKU , KAPANGWENA,,,,,,,,,,
 NKU , KARANAWA,,,,,,,,,,
 NKU , KARAYI,12,69,18,128,95,95,24,35,134,193
 NKU , KARONGO,,,,,,,,,,
 NKU , KASERA,20,71,9,103,74,74,21,10,76,107
 NKU , KASIMBA,,,,,,,,,,
 NKU , KASORO,,,,,,,,,,
 NKU , KATARA,12,65,23,156,97,97,29,53,151,233
 NKU , KATOPE KOMUGORO,,,,,,,,,,
 NKU , KATOPE KOVANYEMBA,19,71,9,135,120,120,44,21,162,227
 NKU , KATWITWI,5,82,12,251,111,111,17,42,278,337
 NKU , KAYEURA,12,79,9,336,42,42,21,16,141,178
 NKU , KULISUKA,,,,,,,,,,
 NKU , LIHAHA,,,,,,,,,,
 NKU , MAHAHE,,,,,,,,,,
 NKU , MAHENZERE,18,67,15,633,88,88,152,128,560,840
 NKU , MAKAMBU,,,,,,,,,,
 NKU , MANGE,14,71,16,18,228,228,8,9,41,58
 NKU , MAPOREZA,,,,,,,,,,
 NKU , MAREMA,,,,,,,,,,
 NKU , MATAVA,,,,,,,,,,
 NKU , MAVHENGE,,,,,,,,,,
 NKU , MAYARA,,,,,,,,,,
 NKU , MAZWA,,,,,,,,,,
 NKU , MBAMBAMUSI,,,,,,,,,,
 NKU , MBAMBI,,,,,,,,,,
 NKU , MBOME,,,,,,,,,,
 NKU , MBOME WEST,,,,,,,,,,
 NKU , MBURU-URU,,,,,,,,,,
 NKU , MPENGU EAST,,,,,,,,,,
 NKU , MPENGU WEST,,,,,,,,,,
 NKU , MPOTO DRY,,,,,,,,,,
 NKU , MPOTO WET,,,,,,,,,,
 NKU , MPUMA,,,,,,,,,,
 NKU , MPUNGU,,,,,,,,,,
 NKU , MUKAMBO,,,,,,,,,,
 NKU , MUKEKETE EAST (TONDORO),,,,,,,,,,
 NKU , MUKEKETE NONJOMBO,15,71,14,93,118,118,23,21,110,154
 NKU , MUKEKETE WEST,,,,,,,,,,
 NKU , MUKONDA,21,65,14,58,64,64,12,8,37,57
 NKU , MUMANGA,,,,,,,,,,
 NKU , MUNGOMBA,,,,,,,,,,
 NKU , MUPAPAMA,,,,,,,,,,
 NKU , MUPARARA,,,,,,,,,,
 NKU , MURAYI,,,,,,,,,,
 NKU , MURERE,,,,,,,,,,
 NKU , MUSESE,,,,,,,,,,
 NKU , MUSU,14,76,10,112,101.79,101.79,21,15,114,150
 NKU , MUTJOKOTJO,,,,,,,,,,
 NKU , NAMASIRA,,,,,,,,,,
 NKU , NAMBALI,,,,,,,,,,
 NKU , NAMBI,,,,,,,,,,
 NKU , NAMUNGUNDO,,,,,,,,,,
 NKU , NAMUTUNTU,,,,,,,,,,
 NKU , NANDEU,7,88,5,50,224,224,9,7,112,128
 NKU , NANDINGWA,,,,,,,,,,
 NKU , NANKUDU,,,,,,,,,,
 NKU , NANKUPA,,,,,,,,,,
 NKU , NAYIMANYA (MPUNGU),,,,,,,,,,
 NKU , NCIYE,,,,,,,,,,
 NKU , NCOROSE,,,,,,,,,,
 NKU , NCUNGU,,,,,,,,,,
 NKU , NDOMBE ZOMARENGE,,,,,,,,,,
 NKU , NEPARA,,,,,,,,,,
 NKU , NGANDU,,,,,,,,,,
 NKU , NGONE,,,,,,,,,,
 NKU , NKAMBE,,,,,,,,,,
 NKU , NKANDI 1 [EAST],,,,,,,,,,
 NKU , NKANDI 2 [WEST],,,,,,,,,,
 NKU , NKATA,,,,,,,,,,
 NKU , NKONKE,,,,,,,,,,
 NKU , NKORO,,,,,,,,,,
 NKU , NKULIVERE,,,,,,,,,,
 NKU , NKURENKURU,,,,,,,,,,
 NKU , NKURUGOMA,,,,,,,,,,
 NKU , NKUYUMUKO,,,,,,,,,,
 NKU , NKWIZU,,,,,,,,,,
 NKU , NYEGE,,,,,,,,,,
 NKU , NYIME,,,,,,,,,,
 NKU , NZINZE,12,73,14,629,93,93,99,112,585,796
 NKU , RUNDA,,,,,,,,,,
 NKU , RUPARA,,,,,,,,,,
 NKU , RUPEHO,,,,,,,,,,
 NKU , SAME,,,,,,,,,,
 NKU , SAVA EAST,,,,,,,,,,
 NKU , SAWATO,20,60,20,27,100,100,9,9,27,45
 NKU , SIKAROSOMPO,,,,,,,,,,
 NKU , SIKO,,,,,,,,,,
 NKU , SIKUMBA,,,,,,,,,,
 NKU , SILIKUNGA,,,,,,,,,,
 NKU , SIMANYA,,,,,,,,,,
 NKU , SIMBUNGU,,,,,,,,,,
 NKU , SIRARO,,,,,,,,,,
 NKU , SITOPOGO,,,,,,,,,,
 NKU , SIUDIVA,,,,,,,,,,
 NKU , SIURUNGU,10,79,11,410,17,33,17,19,136,172
 NKU , SIVARE,,,,,,,,,,
 NKU , SUNI,,,,,,,,,,
 NKU , TARE,,,,,,,,,,
 NKU , TJARA,,,,,,,,,,
 NKU , TJOHWA,,,,,,,,,,
 NKU , TONDORO,,,,,,,,,,
 NKU , TUGUVA,9,86,5,200,10,10,2,1,19,22
 NKU , USIVI,,,,,,,,,,
 NKU , WIWI,,,,,,,,,,
 NKU , XHAUSE,19,66,15,163,59,58,28,22,95,145
 NKU , YINSU,,,,,,,,,,
 NKU , ZAUMA,8,90,3,28,125,125,3,1,35,39
 NKU , ZIGIZI,,,,,,,,,,
 NKU , ZONE,,,,,,,,,,
Regional,Kavango-West,479,2211,311,11212,2579,3142,1907,773,7566,10246